{
  "train_loss": [
    2.170120276212692,
    1.483319147825241,
    1.4063623571395873
  ],
  "val_loss": [
    1.3256307291984557,
    1.2583732390403748,
    1.2538193273544311
  ],
  "train_acc": [
    0.54,
    0.610625,
    0.63875
  ],
  "val_acc": [
    0.6575,
    0.6625,
    0.6675
  ],
  "learning_rates": [
    0.001,
    0.001,
    0.001
  ]
}