{
  "train_loss": [
    2.1147316002845766,
    1.0738186204433442,
    0.9987084448337555,
    0.9963489377498627,
    0.9581637418270111,
    0.9500801932811737,
    0.9065024602413178,
    0.8888006246089936,
    0.8822730612754822,
    0.8768161773681641,
    0.8769846880435943,
    0.8429808902740479,
    0.84848996758461,
    0.841252703666687,
    0.828360127210617,
    0.8325025534629822,
    0.844805724620819,
    0.8355478286743164,
    0.8096415793895722,
    0.8043349361419678,
    0.8017724764347076,
    0.7924676787853241,
    0.7904941749572754,
    0.7807600367069244,
    0.7820315086841583,
    0.7967149889469147,
    0.7848330783843994,
    0.7646421515941619,
    0.7685073864459991,
    0.7840992641448975
  ],
  "val_loss": [
    0.9976926262562091,
    0.8877738805917593,
    0.9242101586782016,
    0.8948008234684284,
    0.887043480689709,
    0.8514759311309228,
    0.8628718027701745,
    0.8724538317093482,
    0.8784297337898841,
    0.89156574010849,
    0.8851129183402429,
    0.8767508681003864,
    0.8856709324396573,
    0.9035154764468853,
    0.9233298943592951,
    0.9155105856748728,
    0.9123498522318326,
    0.9153528992946331,
    0.9285135360864493,
    0.9388281152798579,
    0.9336363398111783,
    0.9079094116504376,
    0.9277088000224187,
    0.9193567496079665,
    0.9343562309558575,
    0.9564342131981483,
    0.9375285047751206,
    0.9534095250643216,
    0.9921403802358187,
    0.9347344453518207
  ],
  "train_acc": [
    0.53875,
    0.648125,
    0.66625,
    0.658125,
    0.681875,
    0.673125,
    0.685625,
    0.685,
    0.701875,
    0.71,
    0.69,
    0.72875,
    0.723125,
    0.729375,
    0.72875,
    0.743125,
    0.7125,
    0.728125,
    0.72625,
    0.751875,
    0.751875,
    0.750625,
    0.75,
    0.761875,
    0.764375,
    0.765,
    0.76,
    0.783125,
    0.775,
    0.760625
  ],
  "val_acc": [
    0.64,
    0.6525,
    0.6375,
    0.65,
    0.6775,
    0.6675,
    0.6625,
    0.6475,
    0.655,
    0.6525,
    0.6375,
    0.665,
    0.66,
    0.6525,
    0.6475,
    0.645,
    0.645,
    0.6675,
    0.64,
    0.6525,
    0.6425,
    0.665,
    0.6525,
    0.675,
    0.6575,
    0.6675,
    0.6675,
    0.68,
    0.66,
    0.655
  ],
  "learning_rates": [
    0.001,
    0.001,
    0.001,
    0.001,
    0.001,
    0.001,
    0.001,
    0.001,
    0.001,
    0.0009000000000000001,
    0.0009000000000000001,
    0.0009000000000000001,
    0.0009000000000000001,
    0.0009000000000000001,
    0.0009000000000000001,
    0.0009000000000000001,
    0.0009000000000000001,
    0.0009000000000000001,
    0.0009000000000000001,
    0.0008100000000000001,
    0.0008100000000000001,
    0.0008100000000000001,
    0.0008100000000000001,
    0.0008100000000000001,
    0.0008100000000000001,
    0.0008100000000000001,
    0.0008100000000000001,
    0.0008100000000000001,
    0.0008100000000000001,
    0.000729
  ]
}